CV Link,Personal Website,Job Market Paper Link
https://www.parush-arora.com/cv.html,https://www.parush-arora.com/,
https://www.dropbox.com/scl/fi/bw13tmrsg22soqwqz1ail/CV_Ahmed.pdf?rlkey=lsqroaxb1db9wigswup6cu474&dl=0,https://www.malikfahmed.com/,
https://www.zhongying-gan.com/cv,https://www.zhongying-gan.com/,
https://gaojieyu.com/static/media/Resume.fc34244b3361de46bc4d.pdf,https://gaojieyu.com/,
https://www.goldeneconomics.com/cv/cv.html,https://www.goldeneconomics.com/,
https://static1.squarespace.com/static/64d4268aa80e2f5211ed58c0/t/65270b6044bda00af6a52a1f/1697057632632/CV_Oct11.pdf,https://www.bessy-liao.com/,
https://www.yanyanluo.com/cvresume,https://www.yanyanluo.com/,
https://www.robert-macdonald.com/curriculumvitae,https://www.robert-macdonald.com/,
https://www.vnguyensg.com/cv,https://www.vnguyensg.com/,
https://sites.google.com/view/himanivardhansharma/cv,https://sites.google.com/view/himanivardhansharma,
https://sites.google.com/view/manasvisharma/cv,https://sites.google.com/view/manasvisharma/home,
https://sites.google.com/view/karantalathi/cv,https://sites.google.com/view/karantalathi/,
https://www.derektran.us/mycv,https://www.derektran.us/,
https://www.wangchenyang.net/cv,https://www.wangchenyang.net/,
https://wellszhou.com/files/CV.pdf,https://wellszhou.com/,
